,CoPx,CoPy,Fx,Fy,Fz,Mx,My,Mz,TIME
0,-0.030563,-0.121361,-100.997887,-182.32324,3188.607263,-386.97101,97.452437,6.910325,0
1,0.0168277,-0.10858071,64.62031079,-416.7030617,1348.062617,-146.3905918,-22.67646256,40.30698684,0.00833
2,0.03085648,-0.08873654,32.52639044,-18.4612301,1027.419282,-91.20180785,-31.68426787,19.62702688,0.01667
3,0.052915,-0.07102,17.878787,20.216018,780.979117,-55.464777,-41.3256,7.303284,0.025
4,0.0638242,-0.06441468,26.43689693,113.6640184,678.3408736,-43.69578867,-43.29398493,2.97928634,0.03333
5,0.06611698,-0.06319742,12.74477446,60.41574311,624.4820998,-39.46549542,-41.2886919,1.03323997,0.04167
6,0.064698,-0.062609,-1.209811,103.705079,582.793552,-36.488087,-37.705683,1.558911,0.05
7,0.06074895,-0.06196627,-2.19877388,52.56922103,547.5967748,-33.93255866,-33.26620072,1.44655328,0.05833
8,0.05643355,-0.0607695,-10.92605754,81.09570652,514.383573,-31.25896452,-29.02891069,0.27273564,0.06667
9,0.051626,-0.060624,-8.422092,43.190604,481.856948,-29.211942,-24.876567,-1.162668,0.075
10,0.04759488,-0.06203179,-19.92809583,56.09355252,452.7641323,-28.08574324,-21.54960336,-2.02524809,0.08333
11,0.04325408,-0.06426527,-18.74327719,32.63879013,430.5530335,-27.66940477,-18.62351999,-2.16557271,0.09167
12,0.039566,-0.067152,-25.437548,36.437679,411.518633,-27.634397,-16.281964,-1.256565,0.1
13,0.03537083,-0.0706486,-16.43966828,18.83332905,394.8308049,-27.89398853,-13.9657077,-0.79903968,0.10833
14,0.03066922,-0.07478126,-14.73168783,14.57448744,382.0464063,-28.56974411,-11.71721062,-0.28162067,0.11667
15,0.02476,-0.079917,-2.350549,3.489741,374.931555,-29.96352,-9.283441,-0.214427,0.125
16,0.01837905,-0.08542958,-0.65112438,-3.09832333,375.6261423,-32.08967559,-6.9036002,0.95931366,0.13333
17,0.01268352,-0.09032785,7.37503691,-8.36709198,381.4800669,-34.45830332,-4.83852531,2.08825403,0.14167
18,0.012114,-0.092992,6.374187,-11.492986,375.012591,-34.873339,-4.54302,3.412242,0.15
19,0.01414449,-0.09346244,12.45316249,-8.54954861,364.7520201,-34.09056693,-5.15906771,3.13313427,0.15833
20,0.01610722,-0.09316551,12.00001845,-7.69426543,359.41431,-33.48511934,-5.78916292,2.73674302,0.16667
21,0.016742,-0.09348,13.980177,-4.22296,361.126443,-33.757923,-6.045943,1.559169,0.175
22,0.01638333,-0.09430964,8.30887457,-5.70862348,372.2920231,-35.11067104,-6.09943253,1.33640721,0.18333
23,0.01544642,-0.0956424,4.82010987,-3.39765311,391.1562507,-37.41137628,-6.0417326,0.82803206,0.19167
24,0.013949,-0.097551,-1.804933,-4.310331,416.616218,-40.641434,-5.811316,0.661138,0.2
25,0.01243697,-0.09949191,-5.23794954,-2.33574875,446.8274449,-44.45602711,-5.55687848,-0.66034237,0.20833
26,0.01090421,-0.1011682,-10.30464697,-3.0277554,480.1109012,-48.57218447,-5.23513299,-1.69072371,0.21667
27,0.00975,-0.102861,-12.732107,-1.323235,513.654054,-52.835212,-5.008368,-2.846179,0.225
28,0.008749,-0.10418147,-15.39972232,-0.792097,544.2439085,-56.70016355,-4.76158488,-2.69913156,0.23333
29,0.00778786,-0.10510156,-15.58405719,1.22141843,569.4467005,-59.8497122,-4.43474154,-2.50172421,0.24167
30,0.006798,-0.105692,-15.502655,2.405471,588.158273,-62.163388,-3.998343,-1.959582,0.25
31,0.00608051,-0.10636795,-13.64556435,4.49946053,600.2368907,-63.84588517,-3.64978522,-2.2367559,0.25833
32,0.0055897,-0.106903,-12.25966477,4.94059094,607.4609097,-64.93954284,-3.39573418,-2.29077446,0.26667
33,0.005398,-0.107318,-10.634344,5.943771,610.153686,-65.480605,-3.293611,-2.5347,0.275
34,0.00520758,-0.10773948,-9.74470959,6.42038801,606.6166779,-65.35658208,-3.1587744,-2.06459414,0.28333
35,0.00497708,-0.1080252,-9.17495619,7.37117369,598.5956926,-64.66338909,-2.97914127,-1.87938596,0.29167
36,0.004882,-0.108381,-9.813759,7.906691,587.312579,-63.65371,-2.867543,-1.7538,0.3
37,0.00502817,-0.10815442,-11.21956145,8.90760994,576.9347031,-62.39800731,-2.90107544,-2.28885733,0.30833
38,0.00515509,-0.10785208,-12.21114887,10.35880276,566.6097975,-61.11016812,-2.92103291,-2.39182151,0.31667
39,0.00492,-0.107571,-13.230589,11.361791,557.558164,-59.977242,-2.743033,-2.522591,0.325
40,0.00463046,-0.10718618,-13.69416604,11.60112877,549.6061598,-58.91022754,-2.54481372,-2.12483455,0.33333
41,0.00467912,-0.10716394,-13.57092682,11.07138396,543.1950584,-58.21077314,-2.54154633,-1.89046008,0.34167
42,0.004684,-0.107402,-12.771594,10.128803,538.169023,-57.800352,-2.520715,-1.532974,0.35
43,0.00438991,-0.10768984,-11.6796062,8.61834388,535.0907975,-57.62393632,-2.34881554,-1.52078958,0.35833
44,0.00416343,-0.10802753,-10.4385376,6.81461587,533.7861296,-57.66355982,-2.2222029,-1.3076488,0.36667
45,0.003937,-0.108185,-9.672789,5.869722,533.738734,-57.742445,-2.1015,-1.100429,0.375
46,0.00367514,-0.108316,-8.87748814,4.62777607,534.4957974,-57.89430191,-1.96452862,-0.87143046,0.38333
47,0.00356098,-0.10857828,-8.96806883,3.56218434,535.7576318,-58.17169609,-1.90783793,-0.87734183,0.39167
48,0.003871,-0.109002,-9.238595,2.409866,537.868544,-58.628658,-2.082241,-1.069249,0.4
49,0.00454393,-0.10949383,-9.42327675,1.22740584,541.2968502,-59.26882766,-2.45955528,-1.45908354,0.40833
50,0.0056923,-0.10979549,-9.52333745,0.40052734,544.9112596,-59.82886482,-3.1018923,-1.64892765,0.41667
51,0.007069,-0.109605,-9.268868,0.819279,548.524357,-60.120945,-3.877625,-1.667059,0.425
52,0.00824593,-0.10957836,-8.80687402,1.26851852,551.0540325,-60.38358633,-4.54389344,-1.5262855,0.43333
53,0.00934992,-0.10944489,-8.2254379,1.47930687,552.7260238,-60.49318182,-5.16786147,-1.51303581,0.44167
54,0.010349,-0.109564,-7.349673,1.097247,554.56687,-60.760418,-5.73933,-1.601827,0.45
55,0.01126657,-0.10969786,-6.53134586,0.80274206,555.6658781,-60.95553598,-6.26040503,-1.66120339,0.45833
56,0.01177377,-0.11001503,-5.97425603,0.53893276,555.558646,-61.11994242,-6.54097965,-1.6521364,0.46667
57,0.012258,-0.110406,-5.594255,0.040146,555.279142,-61.305891,-6.806836,-1.512982,0.475
58,0.01263793,-0.11042159,-5.06591288,-0.40133798,554.8283739,-61.26503956,-7.0118842,-1.42066071,0.48333
59,0.01266343,-0.11029305,-4.47567546,-0.51967993,554.5511729,-61.16295682,-7.02258321,-1.34071497,0.49167
60,0.0125,-0.11002,-4.089685,-0.225954,553.581085,-60.90478,-6.919988,-1.335472,0.5
61,0.01232113,-0.10957836,-3.82066389,0.62950667,552.4955742,-60.54167934,-6.80722132,-1.32639191,0.50833
62,0.01205985,-0.10897123,-3.93441374,1.39795956,550.8919543,-60.03133263,-6.64370441,-1.24646008,0.51667
63,0.011702,-0.108725,-4.342855,2.075822,549.116495,-59.702912,-6.425656,-1.136351,0.525
64,0.01134561,-0.10817276,-4.78204028,2.57763867,548.5956453,-59.34307767,-6.22395796,-1.12931315,0.53333
65,0.01118784,-0.10761225,-5.19441711,2.78218475,548.4799216,-59.02321401,-6.13638598,-1.12172086,0.54167
66,0.011053,-0.106922,-5.398342,3.224045,548.422841,-58.638731,-6.061514,-1.123565,0.55
67,0.01067459,-0.10639731,-5.60145089,3.6066855,547.9065255,-58.29587162,-5.84866763,-1.04493798,0.55833
68,0.010271,-0.10574269,-5.83453515,3.89947487,547.3933705,-57.88288709,-5.62218533,-0.98040741,0.56667
69,0.00978,-0.105304,-6.007393,4.371433,547.391545,-57.642733,-5.353493,-0.853087,0.575
70,0.00932721,-0.10502318,-6.18077965,4.72379156,546.9332105,-57.44064394,-5.10126654,-0.83002753,0.58333
71,0.0089749,-0.10479662,-6.56260319,4.81025776,546.4704506,-57.26817044,-4.90466398,-0.87735288,0.59167
72,0.00875,-0.104932,-6.530885,4.721353,546.352372,-57.329926,-4.780458,-0.909351,0.6
73,0.00871785,-0.10495705,-6.17914221,4.15914076,547.3332094,-57.44640913,-4.77142206,-0.8215783,0.60833
74,0.00865429,-0.10508851,-5.85572227,3.74502388,548.6547469,-57.65750568,-4.74806264,-0.74698944,0.61667
75,0.008559,-0.105191,-5.562248,3.302755,550.313771,-57.888172,-4.710276,-0.71824,0.625
76,0.00832284,-0.10517491,-5.17976201,3.29971219,551.7496539,-58.03043365,-4.5922088,-0.7360371,0.63333
77,0.00817785,-0.10518809,-4.76632582,3.47605091,552.4974483,-58.11623327,-4.51818137,-0.75462301,0.64167
78,0.008022,-0.105047,-4.676696,3.563991,553.068476,-58.09814,-4.436956,-0.786613,0.65
79,0.00820454,-0.10477458,-4.76607669,3.82919501,553.4714879,-57.98967355,-4.54087478,-0.79311734,0.65833
80,0.00858615,-0.10437624,-4.76812123,4.09729948,553.8155532,-57.80525318,-4.75535191,-0.78524651,0.66667
81,0.009039,-0.104008,-4.505336,4.363426,553.595447,-57.578193,-5.003759,-0.742517,0.675
82,0.00956503,-0.10366836,-4.36078847,4.42479521,552.9124929,-57.31935899,-5.28838914,-0.72186225,0.68333
83,0.00980466,-0.10339555,-3.92000723,4.45346535,552.1765707,-57.09281273,-5.41379367,-0.64821015,0.69167
84,0.010187,-0.103139,-3.715068,4.809313,550.865224,-56.815512,-5.611396,-0.624506,0.7
85,0.01046418,-0.10285476,-3.62722908,4.89972627,549.7812672,-56.5475077,-5.75302631,-0.53864737,0.70833
86,0.01079146,-0.10293755,-3.48132958,4.66450584,548.1808284,-56.4282615,-5.91574407,-0.48414599,0.71667
87,0.011307,-0.103091,-3.188606,4.283345,547.097556,-56.400732,-6.186112,-0.45359,0.725
88,0.01165672,-0.10336872,-2.92649909,3.95994571,546.760342,-56.51804067,-6.37333848,-0.38054637,0.73333
89,0.01199831,-0.10347109,-2.48762753,3.60609332,547.3410226,-56.63397416,-6.56720789,-0.2869553,0.74167
90,0.0123,-0.103406,-2.223093,3.845135,547.802139,-56.646105,-6.737988,-0.186009,0.75
91,0.01233972,-0.10337619,-2.19402561,4.05309761,547.7462217,-56.62392529,-6.75912127,-0.04691127,0.75833
92,0.01225836,-0.103442,-2.28199909,3.93550446,547.9756632,-56.68385935,-6.71715511,-0.00288147,0.76667
93,0.012092,-0.103729,-2.397646,3.847518,548.315989,-56.876157,-6.630315,0.020619,0.775
94,0.01193754,-0.10403287,-2.66254777,3.55155511,549.4000839,-57.15578853,-6.55844958,-0.01168375,0.78333
95,0.01180646,-0.10438769,-2.66218023,3.22551046,550.3154455,-57.44617382,-6.49722175,-0.06491164,0.79167
96,0.011683,-0.104468,-2.7513,2.95857,551.22984,-57.586072,-6.440004,-0.093292,0.8
97,0.01145239,-0.10450104,-2.74982763,3.16435163,551.5720112,-57.63960722,-6.31670483,-0.09697735,0.80833
98,0.01134703,-0.104339,-2.51222458,3.5791867,551.5708676,-57.55024366,-6.25861208,-0.0923432,0.81667
99,0.011103,-0.104343,-2.392649,3.933078,551.398776,-57.53463,-6.122342,-0.080925,0.825
100,0.01076674,-0.10426782,-2.30214335,3.93061446,551.1710609,-57.46943055,-5.93449006,-0.10214792,0.83333
101,0.0102846,-0.10417105,-2.4469311,3.89957631,550.823543,-57.37973773,-5.66489609,-0.12203055,0.84167
102,0.009884,-0.104254,-2.472173,4.01593,550.018126,-57.341613,-5.436467,-0.1656,0.85
103,0.00951079,-0.10454167,-2.49891809,3.71964785,549.2116987,-57.41534751,-5.22352595,-0.22018886,0.85833
104,0.009345,-0.104903,-2.644562,3.571175,548.292583,-57.517412,-5.123553,-0.268166,0.86667
105,0.009174,-0.10511,-2.465967,3.039126,547.604012,-57.558475,-5.02355,-0.30137,0.875
106,0.00887285,-0.10548169,-2.55299268,2.68220039,546.8605224,-57.68386047,-4.8521335,-0.30805365,0.88333
107,0.00854751,-0.10569858,-2.5785125,2.5056461,546.282422,-57.74139663,-4.66916277,-0.27810483,0.89167
108,0.00826,-0.10585,-2.723767,2.504608,545.709095,-57.763333,-4.507681,-0.249706,0.9
109,0.0080276,-0.10569108,-2.80982339,2.88761914,545.7664988,-57.68274139,-4.38119703,-0.2287275,0.90833
110,0.00781687,-0.1054882,-2.80759885,3.62698531,545.5915973,-57.55354098,-4.26502636,-0.19429467,0.91667
111,0.007765,-0.105298,-2.89365,4.455062,545.703652,-57.46134,-4.237559,-0.192294,0.925
112,0.00775667,-0.10500064,-2.80453047,5.19275463,545.7074337,-57.29976067,-4.23285044,-0.13817502,0.93333
113,0.00768321,-0.10471205,-2.77367335,5.66613628,545.6515808,-57.1362676,-4.19249245,-0.09409229,0.94167
114,0.007332,-0.104715,-2.798455,6.050951,545.703216,-57.143542,-4.001091,-0.060313,0.95
115,0.00702295,-0.104621,-2.97441428,6.04810578,545.8748454,-57.10998087,-3.83355086,-0.08374114,0.95833
116,0.00657257,-0.10469838,-3.32370129,6.28400579,545.9824366,-57.16346493,-3.5886647,-0.12485556,0.96667
117,0.006064,-0.104773,-3.762357,6.133566,546.032205,-57.209532,-3.310971,-0.202371,0.975
118,0.00564327,-0.10498278,-4.11315692,6.30846551,546.2558931,-57.34746772,-3.08247859,-0.31703415,0.98333
119,0.00532784,-0.10533827,-4.40554939,6.10121561,546.5911926,-57.57697529,-2.91210983,-0.38142321,0.99167
120,0.005089,-0.105752,-4.375106,6.041573,547.732824,-57.923611,-2.787457,-0.436111,1
121,0.00501273,-0.10602918,-4.58255602,5.83425484,548.8745973,-58.19677488,-2.75122375,-0.47262863,1.00833
122,0.00511032,-0.10616687,-4.4653343,5.83582102,550.5364962,-58.44850393,-2.81366604,-0.45655653,1.01667
123,0.005178,-0.106315,-4.376665,6.131891,551.338798,-58.615524,-2.854774,-0.39036,1.025
124,0.0053172,-0.10629162,-4.37624255,6.51730636,551.2241396,-58.59032852,-2.93090019,-0.33716031,1.03333
125,0.005422,-0.10629042,-4.28732329,6.90386539,550.9952445,-58.56544456,-2.98753187,-0.30088377,1.04167
126,0.005629,-0.10615,-4.288452,7.287553,551.170762,-58.506808,-3.102525,-0.271642,1.05
127,0.00580372,-0.10605727,-4.11198132,7.90821434,551.5169658,-58.4923639,-3.20084,-0.28412114,1.05833
128,0.005922,-0.106223,-4.02455,8.442884,552.545309,-58.692957,-3.272082,-0.243813,1.06667
129,0.006024,-0.106297,-4.026422,8.710446,554.43289,-58.934592,-3.339895,-0.231958,1.075
130,0.00612864,-0.10648298,-4.0571313,8.9176033,556.322023,-59.2387972,-3.40944755,-0.23044596,1.08333
131,0.00629165,-0.1066902,-4.20677025,9.12627563,557.5798027,-59.48846448,-3.50786709,-0.27081468,1.09167
132,0.006403,-0.10709,-4.119243,9.157913,557.861393,-59.741457,-3.57213,-0.295115,1.1
133,0.0066912,-0.10738092,-4.03318028,8.80439114,558.4345208,-59.9651421,-3.73681733,-0.32008742,1.10833
134,0.00700718,-0.10766531,-3.97717263,8.62958002,559.1206891,-60.19772638,-3.91780319,-0.32389837,1.11667
135,0.007415,-0.10789,-3.685725,8.631213,559.583421,-60.373372,-4.149241,-0.313264,1.125
136,0.00771754,-0.10824222,-3.68650878,8.83964858,559.4696741,-60.5583191,-4.31778527,-0.27638084,1.13333
137,0.00809448,-0.10836294,-3.60015781,8.87193591,559.4716054,-60.62583963,-4.52844275,-0.24823168,1.14167
138,0.008249,-0.108659,-3.598735,8.992919,558.210769,-60.654376,-4.604896,-0.183202,1.15
139,0.00841626,-0.10878844,-3.59734992,9.08183551,556.3811051,-60.52796372,-4.68256759,-0.19570915,1.15833
140,0.00849576,-0.10896992,-3.56608599,9.08347194,554.6609409,-60.44145415,-4.71209302,-0.16326043,1.16667
141,0.008572,-0.109312,-3.506547,8.906053,553.059642,-60.455806,-4.740856,-0.179595,1.175
142,0.008511,-0.10979505,-3.50420642,8.58216688,551.6824169,-60.57210399,-4.69545962,-0.22523203,1.18333
143,0.00835907,-0.11039654,-3.50188219,7.96085931,549.9044433,-60.70761695,-4.59662435,-0.2290078,1.19167
144,0.008111,-0.110873,-3.587681,7.222646,548.412731,-60.804375,-4.44844,-0.241428,1.2
145,0.00781416,-0.11171907,-3.61351834,6.45539248,546.9774401,-61.10765411,-4.27410934,-0.24654054,1.20833
146,0.00745987,-0.11231129,-3.75827991,5.74491017,546.2265555,-61.34753352,-4.07465302,-0.28199638,1.21667
147,0.007296,-0.113046,-3.84454,5.272527,545.479204,-61.664127,-3.979783,-0.31454,1.225
148,0.00702501,-0.11353569,-4.07812833,4.91824098,545.1884037,-61.89818997,-3.83003203,-0.32540476,1.23333
149,0.0068078,-0.11421472,-4.10413747,4.68295787,544.7245727,-62.21565224,-3.70856811,-0.32274213,1.24167
150,0.006475,-0.114786,-4.013478,4.210916,544.778218,-62.532742,-3.527691,-0.289417,1.25
151,0.006251,-0.11544272,-3.83491675,3.70950888,544.6060039,-62.87081366,-3.40432462,-0.24340703,1.25833
152,0.0060652,-0.1160487,-3.47951728,3.17584024,544.6673618,-63.20807475,-3.30339033,-0.1676407,1.26667
153,0.005812,-0.116638,-3.123744,2.437374,544.441746,-63.502446,-3.164202,-0.071841,1.275
154,0.00566128,-0.11723907,-2.68044601,1.46313366,544.4442612,-63.8300631,-3.08221967,0.01516314,1.28333
155,0.00548347,-0.11790776,-2.41275467,0.90271538,544.3871925,-64.18759514,-2.98493736,0.10193513,1.29167
156,0.005394,-0.118538,-2.235809,0.135534,544.789632,-64.578345,-2.938334,0.193591,1.3
157,0.00526984,-0.11901799,-2.02900941,-0.5723966,545.5318365,-64.92815055,-2.87468561,0.22363518,1.30833
158,0.00525732,-0.11946456,-1.73340265,-1.07383908,545.5895515,-65.17876295,-2.86823716,0.26635135,1.31667
159,0.005141,-0.120044,-1.349703,-1.635396,545.479847,-65.481642,-2.804396,0.309831,1.325
160,0.00511801,-0.12054228,-1.08374989,-2.55031536,545.5945066,-65.76726181,-2.79219383,0.34710836,1.33333
161,0.0052061,-0.12095346,-0.84871235,-3.73351486,546.1742516,-66.06174874,-2.84340706,0.35893833,1.34167
162,0.005279,-0.121442,-0.555211,-4.826849,546.34874,-66.349809,-2.883989,0.385696,1.35
163,0.00521347,-0.12158136,-0.02518945,-6.00831436,546.9839504,-66.50307515,-2.85153148,0.46006398,1.35833
164,0.005202,-0.12173831,0.23862117,-7.10303912,547.3907256,-66.63837079,-2.84736022,0.56174953,1.36667
165,0.005097,-0.121985,0.414885,-8.020492,548.08271,-66.857859,-2.793684,0.61118,1.375
166,0.00507868,-0.12196377,0.53184296,-8.67110367,549.0026764,-66.9582405,-2.78839862,0.63103953,1.38333
167,0.0050183,-0.12186432,0.73874638,-9.14559398,549.1781287,-66.92515794,-2.75596958,0.65622283,1.39167
168,0.005021,-0.121539,0.677597,-9.885854,549.637543,-66.802418,-2.759673,0.641597,1.4
169,0.00510572,-0.1208844,0.49770348,-10.33105886,549.8111928,-66.46367655,-2.80719489,0.5963176,1.40833
170,0.00512183,-0.12001567,0.34881532,-9.8900436,549.5831433,-65.9584645,-2.81471703,0.50653649,1.41667
171,0.005167,-0.11923,0.053071,-9.270534,548.950629,-65.451145,-2.836394,0.430339,1.425
172,0.00538064,-0.11853969,0.0212342,-8.67989795,548.7818404,-65.05251498,-2.95281395,0.41626609,1.43333
173,0.0056138,-0.11776101,-0.04157456,-8.56298087,549.7607175,-64.74026882,-3.08612642,0.44660136,1.44167
174,0.005756,-0.117077,0.221603,-8.564051,551.199345,-64.532757,-3.172856,0.521248,1.45
175,0.00580007,-0.11616761,0.30752665,-8.35950629,552.8669771,-64.22537737,-3.2064436,0.63358459,1.45833
176,0.00587152,-0.1152204,0.57145488,-7.73894548,554.2504989,-63.86108058,-3.2542859,0.7426722,1.46667
177,0.005885,-0.114125,0.569706,-6.885016,555.514293,-63.397822,-3.269,0.749721,1.475
178,0.00583312,-0.11305329,0.45154462,-6.06026057,556.0885112,-62.86740392,-3.24350582,0.73046614,1.48333
179,0.0057948,-0.1119244,0.30289799,-4.82025118,556.8355367,-62.32343481,-3.22655754,0.71667993,1.49167
180,0.005876,-0.110738,-0.052151,-3.432844,557.060938,-61.687696,-3.273054,0.628962,1.5
181,0.00584375,-0.10968201,-0.28857824,-2.31306989,556.7186252,-61.06199836,-3.25321466,0.58233464,1.50833
182,0.00609769,-0.10855993,-0.64444765,-1.01231779,556.3740248,-60.39980336,-3.39248417,0.50134176,1.51667
183,0.006165,-0.107615,-0.851218,0.020611,555.51416,-59.781524,-3.425008,0.449622,1.525
184,0.00631419,-0.10694006,-0.85210655,0.6685019,554.6020053,-59.30918037,-3.50208075,0.38353361,1.53333
185,0.00640998,-0.10624212,-0.911859,1.58543537,553.9130219,-58.84901153,-3.5506393,0.37575283,1.54167
186,0.006524,-0.105663,-0.941427,2.411996,553.801336,-58.516491,-3.612828,0.361711,1.55
187,0.0065202,-0.10499295,-0.76473488,3.23804036,553.8625079,-58.15156485,-3.61140652,0.40313702,1.55833
188,0.006635,-0.10430136,-0.94232589,4.33164718,554.6650936,-57.85222333,-3.68025639,0.39858862,1.56667
189,0.006677,-0.103753,-0.941829,5.159005,554.493521,-57.530442,-3.702553,0.406223,1.575
190,0.00682765,-0.10318813,-1.20808102,6.01452877,554.2100583,-57.18771694,-3.78406786,0.41047548,1.58333
191,0.006835,-0.102997,-1.206998,6.222572,553.635718,-57.022565,-3.783928,0.422311,1.59167
192,0.006936,-0.102879,-1.296696,6.131886,552.951555,-56.886871,-3.835213,0.369431,1.6
193,0.0070228,-0.10287976,-1.38550069,6.13345605,552.2034966,-56.8104519,-3.87788417,0.31868882,1.60833
194,0.00702423,-0.10298324,-1.44518612,5.95592447,551.4554894,-56.7908239,-3.87343122,0.23867085,1.61667
195,0.007117,-0.103165,-1.6522,6.045303,551.049174,-56.849026,-3.921812,0.107026,1.625
196,0.00712023,-0.10325195,-1.68134218,6.34020912,550.9338174,-56.8848773,-3.92289122,0.0853273,1.63333
197,0.00703607,-0.10341055,-1.73970008,6.57718449,550.3008909,-56.90704728,-3.87200441,0.06586115,1.64167
198,0.006942,-0.103473,-1.826449,6.932586,549.496687,-56.858312,-3.814717,0.048826,1.65
199,0.00683768,-0.10370169,-1.97322316,7.05012686,548.8658493,-56.91821909,-3.75290492,0.0272621,1.65833
200,0.00686556,-0.10409031,-2.06090058,6.93481906,548.3435259,-57.07723332,-3.76444497,0.02615098,1.66667
201,0.006742,-0.104708,-2.265839,6.492131,548.453415,-57.427335,-3.697794,-0.013665,1.675
202,0.00675944,-0.10541665,-2.20709891,6.02063591,548.9100882,-57.86407278,-3.71046128,-0.03289064,1.68333
203,0.00671396,-0.10601882,-2.11893574,5.54779162,549.7104279,-58.27960747,-3.69077436,-0.05735851,1.69167
204,0.006546,-0.106654,-2.177521,5.165384,550.161471,-58.676654,-3.601191,-0.075496,1.7
205,0.00632184,-0.10736918,-2.1463936,4.89952333,550.043332,-59.05764135,-3.477182,-0.09277075,1.70833
206,0.00606739,-0.10818906,-2.08499188,4.63452695,549.8100504,-59.48350188,-3.33587239,-0.1078908,1.71667
207,0.005792,-0.109081,-2.083394,4.015034,549.461466,-59.93564,-3.18274,-0.103429,1.725
208,0.0054362,-0.11015285,-2.17031324,3.12785574,549.6851905,-60.5492912,-2.98797102,-0.1434781,1.73333
209,0.00531302,-0.11126718,-2.11079111,1.94673545,550.3694005,-61.23784814,-2.92401064,-0.16526178,1.74167
210,0.005367,-0.11239,-2.171224,0.738597,551.164598,-61.945597,-2.957884,-0.16425,1.75
211,0.00576412,-0.11327917,-1.85067852,-0.23389345,552.9983173,-62.64331568,-3.18776083,-0.13550944,1.75833
212,0.00618164,-0.11344967,-1.49871788,-0.05273727,554.9516532,-62.95919232,-3.43039039,0.04007754,1.76667
213,0.00645,-0.113528,-1.292759,0.570376,555.128066,-63.02255,-3.580716,0.189612,1.775
214,0.00685536,-0.11356964,-1.08873323,0.77909576,554.4464469,-62.96814702,-3.80105955,0.28948651,1.78333
215,0.00715748,-0.1135172,-0.85372355,0.63224324,554.1643773,-62.90728976,-3.96656435,0.34293355,1.79167
216,0.007517,-0.11356,-0.944055,0.398701,553.765173,-62.885589,-4.162752,0.3943,1.8
217,0.00776169,-0.11388527,-0.82782769,0.13449725,553.4231713,-63.02668912,-4.2954733,0.42826258,1.80833
218,0.00799864,-0.11418973,-0.62190504,-0.39502054,553.080312,-63.15605907,-4.42393764,0.4577296,1.81667
219,0.008102,-0.114405,-0.329279,-0.83932,552.914252,-63.256146,-4.479758,0.468152,1.825
220,0.00814136,-0.11467369,-0.21188365,-1.04476936,552.3978788,-63.34548268,-4.49730817,0.46071748,1.83333
221,0.00809536,-0.11493001,-0.12439247,-1.4888075,552.2252694,-63.46728844,-4.47045024,0.44012935,1.84167
222,0.008145,-0.115132,0.198844,-1.546717,552.570221,-63.618285,-4.500786,0.434497,1.85
223,0.00818187,-0.11527459,0.37445869,-1.63586005,552.8008704,-63.72375043,-4.52311683,0.42249751,1.85833
224,0.00832325,-0.11541594,0.52117266,-1.72318466,553.6036869,-63.89460498,-4.60794805,0.43991839,1.86667
225,0.008399,-0.115414,0.726644,-1.54453,554.6356,-64.012953,-4.658481,0.491867,1.875
226,0.00862652,-0.11535305,1.07920745,-1.33781677,554.9285753,-64.0128007,-4.78717675,0.52909761,1.88333
227,0.00880977,-0.11529377,1.13824287,-1.21756271,554.4139588,-63.92051488,-4.88416062,0.55601998,1.89167
228,0.009045,-0.115106,1.078917,-1.277831,553.960081,-63.764281,-5.0104,0.570132,1.9
229,0.00919821,-0.11490941,1.01892811,-1.27729021,553.3877146,-63.5893905,-5.0901297,0.54751197,1.90833
230,0.00925818,-0.11494059,0.9612275,-1.10063857,552.642397,-63.52085463,-5.11634144,0.50076517,1.91667
231,0.00931,-0.114923,0.726367,-0.922426,552.410484,-63.484876,-5.142838,0.478205,1.925
232,0.009279,-0.114892,0.638205,-1.011813,552.238259,-63.447511,-5.124352,0.449511,1.93333
233,0.00928064,-0.11495567,0.69816581,-1.10109252,551.8957116,-63.4434082,-5.12189061,0.42629666,1.94167
234,0.009207,-0.11495,0.727992,-1.455607,551.206536,-63.361233,-5.074889,0.387336,1.95
235,0.0090593,-0.11504955,0.81838265,-1.42728584,550.4623017,-63.33033417,-4.98673413,0.40032407,1.95833
236,0.00877821,-0.11482064,0.84981275,-1.3109855,549.6062683,-63.10611885,-4.8244762,0.37909118,1.96667
237,0.008606,-0.114409,0.911769,-0.838902,548.631485,-62.768282,-4.721765,0.375869,1.975
238,0.00850213,-0.11408239,1.1791452,-0.10158213,547.547518,-62.46536424,-4.65533211,0.38848187,1.98333
239,0.0082842,-0.11364928,1.26987483,0.54661632,546.6318897,-62.12428376,-4.52831039,0.34773953,1.99167
240,0.007946,-0.113408,1.184373,1.194562,546.231024,-61.947159,-4.340459,0.356712,2
241,0.00762728,-0.113223,1.09978672,1.54893978,546.3972254,-61.86473587,-4.16763086,0.30664819,2.00833
242,0.00694273,-0.1129364,0.86742168,1.57402942,546.6247515,-61.73375219,-3.79509736,0.27653982,2.01667
243,0.006152,-0.112723,0.401989,1.895878,546.901368,-61.648622,-3.364678,0.193767,2.025
244,0.00538292,-0.11232607,-0.1519412,1.98001747,546.0353222,-61.33391363,-2.93940961,0.0972718,2.03333
245,0.00465906,-0.11227824,-0.73674675,2.15325949,544.7666529,-61.16543028,-2.53824041,-0.00581285,2.04167
246,0.003946,-0.112043,-1.085003,2.239647,544.472539,-61.00417,-2.148401,-0.084003,2.05
247,0.00335423,-0.11179807,-1.40508778,2.67882001,544.4695687,-60.87089795,-1.8264225,-0.13601673,2.05833
248,0.00277877,-0.11151193,-1.90302989,3.20935499,544.1179054,-60.67552972,-1.5118945,-0.15227827,2.06667
249,0.002314,-0.110974,-1.781756,3.828327,544.460085,-60.420841,-1.259935,-0.139749,2.075
250,0.00173403,-0.1104743,-1.92497157,4.356928,544.5729705,-60.16118985,-0.94433514,-0.11087337,2.08333
251,0.00117972,-0.11005962,-2.03893521,4.76736519,544.8031764,-59.96094823,-0.64265739,-0.09572719,2.09167
252,0.000608,-0.109466,-2.123388,5.237631,545.658484,-59.731019,-0.3315,-0.103594,2.1
253,8.60E-05,-0.10898504,-2.26853488,5.70653294,545.6579208,-59.46860812,-0.04701472,-0.11330395,2.10833
254,-0.00041973,-0.10847235,-2.44283249,6.11737807,546.2867622,-59.25717995,0.22925525,-0.12053765,2.11667
255,-0.000739,-0.108248,-2.646452,6.559412,547.19752,-59.233147,0.404145,-0.17125,2.125
256,-0.00107772,-0.10790744,-2.91104242,6.96964858,548.6829336,-59.20702761,0.59141457,-0.21141256,2.13333
257,-0.00140183,-0.10758738,-3.02761581,7.32339511,550.0560442,-59.17904578,0.77099955,-0.24121256,2.14167
258,-0.001818,-0.107452,-3.173429,7.083939,551.141,-59.221363,1.001763,-0.284217,2.15
259,-0.002125,-0.107361,-3.437487,6.993383,552.168561,-59.281374,1.173434,-0.312298,2.15833
260,-0.00259795,-0.10725731,-3.73035301,6.57661547,552.508115,-59.26043949,1.43517089,-0.36080275,2.16667
261,-0.002819,-0.107349,-4.052425,6.279511,552.504311,-59.310698,1.557275,-0.442729,2.175
262,-0.003121,-0.10721564,-4.40390711,6.12975982,552.5015001,-59.23693067,1.72429506,-0.44607895,2.18333
263,-0.00353931,-0.10713192,-4.60663785,6.15681673,551.4100487,-59.07367526,1.95171914,-0.52068336,2.19167
264,-0.003843,-0.107078,-4.840059,6.185367,550.774473,-58.975754,2.116686,-0.618873,2.2
265,-0.00398791,-0.10681109,-5.10448819,6.27239506,550.5451062,-58.8042398,2.19557986,-0.63634298,2.20833
266,-0.00428442,-0.10663322,-5.1021769,6.30068318,550.141431,-58.66327142,2.35717965,-0.64305852,2.21667
267,-0.004633,-0.106625,-5.010609,6.446087,549.226484,-58.561238,2.544818,-0.687421,2.225
268,-0.00496302,-0.10647214,-5.12591876,6.41602929,548.7649546,-58.42822823,2.72333883,-0.73580482,2.23333
269,-0.00521389,-0.10648262,-5.30102634,6.38453097,548.5892518,-58.41539085,2.86041967,-0.75850783,2.24167
270,-0.005418,-0.106447,-5.270255,6.531213,548.016362,-58.334825,2.969093,-0.806436,2.25
271,-0.00550519,-0.10640302,-5.35889556,6.44159146,548.3023775,-58.34095615,3.01838325,-0.83499297,2.25833
272,-0.0055628,-0.10628205,-5.27091057,6.58880357,548.988355,-58.34755413,3.05373944,-0.9052907,2.26667
273,-0.005545,-0.106229,-5.094121,6.795006,549.562126,-58.379441,3.047102,-0.909247,2.275
274,-0.00555784,-0.10607722,-5.06472384,7.09070307,549.9613072,-58.33852244,3.05668331,-0.90681757,2.28333
275,-0.005638,-0.10589872,-4.91636442,7.26816888,550.2483246,-58.27049199,3.10241438,-0.94277403,2.29167
276,-0.005675,-0.105744,-4.91647,7.326101,550.764091,-58.240159,3.125617,-0.942608,2.3
277,-0.00559317,-0.10572258,-4.76834583,7.59154143,550.480204,-58.19829563,3.07893256,-0.94929683,2.30833
278,-0.005654,-0.105673,-4.738285,7.415429,550.249593,-58.146566,3.111118,-0.930741,2.31667
279,-0.005529,-0.10575,-4.739447,7.236924,550.080992,-58.170889,3.041346,-0.954799,2.325
280,-0.00563636,-0.10602805,-4.50247833,6.91290842,549.7378987,-58.28775131,3.09850749,-0.93134889,2.33333
281,-0.00556736,-0.10635367,-4.32575886,6.52826448,549.7387176,-58.46671653,3.06052339,-0.96581134,2.34167
282,-0.005496,-0.106853,-4.207777,5.997677,549.393795,-58.704475,3.01973,-0.988181,2.35
283,-0.0054788,-0.10723369,-4.20876968,5.28865739,549.6804434,-58.9442278,3.0116305,-0.98788465,2.35833
284,-0.00554552,-0.10763906,-4.20859647,4.60838687,549.851964,-59.18563024,3.04928689,-0.99142846,2.36667
285,-0.005663,-0.108007,-4.119353,4.313064,550.079042,-59.412223,3.114895,-1.01599,2.375
286,-0.00572048,-0.10825262,-4.20715388,4.16462736,550.4790879,-59.59085752,3.14907248,-1.00294131,2.38333
287,-0.00571419,-0.10831375,-4.11738069,4.31349605,550.5361986,-59.63073757,3.1458465,-1.01588051,2.39167
288,-0.005695,-0.108382,-4.205621,4.22388,550.2512,-59.637183,3.133524,-1.011053,2.4
289,-0.00558,-0.108611,-4.116311,4.403643,550.078082,-59.744565,3.06927,-0.970663,2.40833
290,-0.00554408,-0.10880604,-3.87950998,4.34466429,550.0804292,-59.8520573,3.04974478,-0.94030882,2.41667
291,-0.005435,-0.109051,-3.850458,3.960967,550.08281,-59.986955,2.989472,-0.908253,2.425
292,-0.0054648,-0.10943162,-3.84891488,3.69638647,549.8519303,-60.17108505,3.00493425,-0.89622578,2.43333
293,-0.00551481,-0.10974465,-3.75975644,3.25362654,549.7936625,-60.33689585,3.03195542,-0.86719603,2.44167
294,-0.005556,-0.110054,-3.936107,2.632258,549.564927,-60.481918,3.053269,-0.878858,2.45
295,-0.005527,-0.110562,-3.846321,2.456504,549.047346,-60.703648,3.03443,-0.895847,2.45833
296,-0.00556501,-0.11080723,-3.93411369,2.27999127,548.6424423,-60.79364315,3.05311073,-0.91266966,2.46667
297,-0.005526,-0.111017,-3.846055,2.190608,549.046965,-60.953541,3.034148,-0.9078,2.475
298,-0.00526345,-0.11114789,-3.81762087,2.22223304,549.1045703,-61.03180245,2.89017862,-0.84116298,2.48333
299,-0.00510699,-0.11104855,-3.75961619,2.4003642,549.9689278,-61.07333226,2.8088539,-0.78838058,2.49167
300,-0.004894,-0.11081,-3.76025,2.726991,550.597921,-61.011941,2.694653,-0.71916,2.5
301,-0.00481501,-0.11074123,-3.67259863,2.99304289,551.058049,-61.02485463,2.65320367,-0.65690617,2.50833
302,-0.00466078,-0.11049311,-3.82126175,3.23064449,551.4022326,-60.92625783,2.56989674,-0.65468901,2.51667
303,-0.004601,-0.110346,-3.674307,3.613846,551.803684,-60.889579,2.538786,-0.702958,2.525
304,-0.00436077,-0.11020106,-3.52916286,3.90911231,552.2657398,-60.86014855,2.40814456,-0.70585441,2.53333
305,-0.00420233,-0.11000464,-3.41279214,3.99838363,552.496314,-60.77706234,2.32164856,-0.68280402,2.54167
306,-0.004008,-0.109908,-3.23787,3.969124,552.671405,-60.743265,2.214848,-0.686969,2.55
307,-0.00395514,-0.11003767,-3.23791838,3.94025311,552.2137273,-60.76423263,2.18403341,-0.66066193,2.55833
308,-0.0038468,-0.1101713,-3.06141526,3.67487851,551.9293915,-60.80689981,2.12336112,-0.62966662,2.56667
309,-0.003819,-0.110318,-3.062122,3.261786,551.814661,-60.875074,2.107493,-0.629545,2.575
310,-0.00365236,-0.11047436,-3.09268708,2.88042166,551.4692192,-60.92300986,2.013989,-0.59629439,2.58333
311,-0.00348964,-0.11056336,-3.03576034,2.52681322,551.4708887,-60.97228013,1.92446838,-0.55779564,2.59167
312,-0.003161,-0.110446,-2.978649,2.556713,551.47482,-60.908304,1.742962,-0.531941,2.6
313,-0.00295045,-0.11045198,-2.86239353,2.469079,551.0188017,-60.8612232,1.62565631,-0.49794817,2.60833
314,-0.002687,-0.110401,-2.715422,2.381246,550.450947,-60.770173,1.478802,-0.458269,2.61667
315,-0.002451,-0.110282,-2.540671,2.382653,550.454037,-60.70542,1.34927,-0.401029,2.625
316,-0.00233847,-0.11018602,-2.71830068,2.29429506,550.3984174,-60.6461818,1.2870135,-0.35552465,2.63333
317,-0.00219753,-0.10993125,-2.71946592,2.38199873,550.5148587,-60.5189023,1.20986131,-0.36763563,2.64167
318,-0.00206,-0.109906,-2.720508,2.472102,550.285604,-60.479758,1.133403,-0.35599,2.65
319,-0.00194945,-0.10973558,-2.8692524,2.38247441,550.0008176,-60.35477178,1.07212106,-0.36250996,2.65833
320,-0.00170033,-0.10949277,-2.98995964,2.38257373,550.5198917,-60.27790485,0.93591827,-0.35149601,2.66667
321,-0.001465,-0.109532,-2.814593,2.295504,550.29109,-60.274452,0.806241,-0.339887,2.675
322,-0.00126778,-0.10938775,-2.52194589,2.38433079,550.0685636,-60.1705805,0.6974733,-0.28334103,2.68333
323,-0.00113614,-0.10926875,-2.11035841,2.38371527,550.0749133,-60.10612803,0.62489269,-0.26109804,2.69167
324,-0.001082,-0.108989,-1.934364,2.384056,549.791152,-59.920999,0.594888,-0.203564,2.7
325,-0.0010995,-0.10883342,-1.90508245,2.65065651,549.3902628,-59.79192892,0.60415872,-0.18621065,2.70833
326,-0.001141,-0.1086734,-1.75731413,2.82764059,549.2761281,-59.69146842,0.62675425,-0.19176554,2.71667
327,-0.001302,-0.108415,-1.845347,2.738959,548.92996,-59.512023,0.714609,-0.196332,2.725
328,-0.00138236,-0.10840403,-1.87518477,2.61970024,548.9306941,-59.50630331,0.75887955,-0.21762784,2.73333
329,-0.00144383,-0.10834129,-1.96406074,2.46991695,548.8752239,-59.46577658,0.79255031,-0.24314645,2.74167
330,-0.001537,-0.108279,-2.023367,2.558892,548.930424,-59.437531,0.843647,-0.219832,2.75
331,-0.0015125,-0.10819498,-2.14163896,2.73659335,549.3287761,-59.43461738,0.83080381,-0.23118437,2.75833
332,-0.0014592,-0.10796361,-2.11254745,3.15126977,549.6717377,-59.34453563,0.80199475,-0.22891061,2.76667
333,-0.001479,-0.107707,-2.20051,3.534725,550.130825,-59.252967,0.813646,-0.208163,2.775
334,-0.00155467,-0.10764964,-2.28886111,3.65261482,550.4735544,-59.25830867,0.85577906,-0.18322662,2.78333
335,-0.00158636,-0.107501,-2.40588786,3.62267448,550.3028856,-59.15824853,0.87295139,-0.15679934,2.79167
336,-0.00158,-0.107553,-2.46541,3.622606,550.646491,-59.223622,0.870215,-0.145506,2.8
337,-0.00149369,-0.107433,-2.49541791,3.62202587,550.6493761,-59.15799565,0.82253411,-0.11749986,2.80833
338,-0.00148281,-0.10721158,-2.46653664,3.71092295,550.7064064,-59.0419121,0.81652417,-0.09997649,2.81667
339,-0.001447,-0.107236,-2.555178,3.800434,550.820513,-59.068008,0.797161,-0.071304,2.825
340,-0.00147284,-0.10721134,-2.43652361,3.68295444,550.1899201,-58.98651188,0.81020283,-0.07451447,2.83333
341,-0.00151492,-0.10725911,-2.43684485,3.62298612,550.0202498,-58.99461985,0.83321708,-0.08249383,2.84167
342,-0.001623,-0.107222,-2.466512,3.44518,550.132826,-58.98617,0.892947,-0.087782,2.85
343,-0.001757,-0.1073,-2.377091,3.267687,549.959977,-59.010826,0.966134,-0.104342,2.85833
344,-0.00180022,-0.10716433,-2.49650458,3.20650382,550.4203647,-58.98554947,0.99082942,-0.10881512,2.86667
345,-0.001713,-0.10714,-2.37929,3.26747,550.475914,-58.977938,0.943225,-0.104328,2.875
346,-0.00169214,-0.10712398,-2.46771377,3.44473754,550.5328475,-58.97530185,0.93152342,-0.08763236,2.88333
347,-0.001631,-0.107119,-2.379494,3.622838,550.131923,-58.929314,0.897439,-0.104724,2.89167
348,-0.001574,-0.10718,-2.556608,3.268286,549.959616,-58.944924,0.86551,-0.10465,2.9
349,-0.00154355,-0.10728902,-2.58557147,3.091302,549.7306356,-58.9801638,0.84848069,-0.11020583,2.90833
350,-0.0015155,-0.10751362,-2.5860561,2.85428765,549.5016318,-59.07872005,0.83283737,-0.10714072,2.91667
351,-0.001482,-0.107611,-2.645716,2.557813,549.275637,-59.108233,0.813837,-0.111716,2.925
352,-0.00142283,-0.10771738,-2.67534681,2.52936911,549.7329848,-59.21587678,0.78211122,-0.11336256,2.93333
353,-0.00128595,-0.10776123,-2.64678372,2.55996768,549.7310383,-59.23947728,0.70706409,-0.09596978,2.94167
354,-0.001121,-0.10784,-2.470063,2.916201,549.789697,-59.28959,0.616179,-0.088532,2.95
355,-0.0010625,-0.10787722,-2.49987697,2.94597806,550.0178457,-59.3345413,0.58433879,-0.07912918,2.95833
356,-0.00091867,-0.10785067,-2.38365997,2.91757119,550.6496614,-59.388147,0.5057835,-0.05586893,2.96667
357,-0.000758,-0.107946,-2.29645,2.828815,551.339744,-59.515135,0.417912,-0.043207,2.975
358,-0.00066814,-0.10787314,-2.208556,2.91801822,551.8547287,-59.53027858,0.3688539,-0.01449048,2.98333
359,-0.00054339,-0.1077948,-2.20905209,3.1560543,552.2580065,-59.53062693,0.30014363,0.01228399,2.99167
360,-0.000433,-0.107835,-2.209414,3.097188,552.029228,-59.52806,0.23877,0.042667,3
361,-0.00041847,-0.10778242,-2.20947408,3.18508527,551.6303633,-59.4558847,0.23087069,0.03058796,3.00833
362,-0.00029222,-0.10782031,-2.06255351,3.09752709,551.4012152,-59.45234873,0.16103089,0.04791531,3.01667
363,2.00E-05,-0.107929,-2.123213,2.921197,551.174672,-59.487574,-0.010924,0.058762,3.025
364,0.00033158,-0.10789162,-1.85995427,2.95152358,550.3754445,-59.38076765,-0.18252866,0.03738916,3.03333
365,0.00064697,-0.10796736,-1.62519072,2.98327885,549.8069876,-59.36131386,-0.35576717,0.07113868,3.04167
366,0.001009,-0.107902,-1.420722,2.925421,548.609078,-59.195782,-0.553617,0.114488,3.05
367,0.00124469,-0.10798876,-1.21573502,2.80880804,547.924329,-59.16953958,-0.68218448,0.12764816,3.05833
368,0.00154978,-0.10799942,-1.0111336,2.57307492,547.8726374,-59.17006322,-0.84915706,0.18259996,3.06667
369,0.001846,-0.107966,-0.895657,2.573386,548.448962,-59.213822,-1.012295,0.204645,3.075
370,0.0020747,-0.10794183,-0.83810192,2.57545582,549.0776859,-59.26844403,-1.13921516,0.23958801,3.08333
371,0.0023593,-0.10804144,-0.95884801,2.66607797,550.224284,-59.4472504,-1.2979797,0.26228471,3.09167
372,0.002587,-0.108104,-0.902049,2.755417,550.853409,-59.549723,-1.425227,0.227593,3.1
373,0.002939,-0.108123,-1.170406,2.578935,551.885114,-59.671515,-1.622066,0.244109,3.10833
374,0.00314416,-0.10809569,-1.31992205,2.4017463,552.3420106,-59.70576002,-1.73684047,0.1582994,3.11667
375,0.003416,-0.108227,-1.440073,2.315038,552.741486,-59.821813,-1.887958,0.181139,3.125
376,0.00359919,-0.10808606,-1.52989819,2.34464709,553.3719406,-59.81170837,-1.99170825,0.16021301,3.13333
377,0.00378548,-0.10802653,-1.6199345,2.55099185,553.6578068,-59.80978531,-2.09585907,0.1230534,3.14167
378,0.003935,-0.107959,-1.70899,2.760407,553.083,-59.710492,-2.176463,0.117749,3.15
379,0.00401938,-0.10789742,-1.8862082,2.87758348,553.142102,-59.68258417,-2.22332875,0.10167536,3.15833
380,0.00402972,-0.10795833,-1.82885157,2.75921398,553.0848406,-59.71004882,-2.22863317,0.0936602,3.16667
381,0.004153,-0.108036,-1.799363,2.582674,552.912767,-59.734581,-2.296426,0.076707,3.175
382,0.00420975,-0.10795464,-1.59390567,2.52265537,552.4003997,-59.6340376,-2.32523597,0.06305513,3.18333
383,0.00435724,-0.10801447,-1.47597364,2.46564236,551.772383,-59.59929158,-2.40435509,0.08988386,3.19167
384,0.004494,-0.108053,-1.180841,2.495373,550.68688,-59.5035,-2.474929,0.104766,3.2
385,0.00448863,-0.10804789,-1.03324638,2.43665668,549.8880944,-59.41428679,-2.46826204,0.11024308,3.20833
386,0.004651,-0.107959,-0.915938,2.407337,549.316402,-59.303921,-2.55491,0.133222,3.21667
387,0.004777,-0.107965,-0.827554,2.584989,548.459693,-59.214573,-2.619984,0.149638,3.225
388,0.00485797,-0.10803203,-0.67995572,2.37894885,547.4291759,-59.13993786,-2.6594915,0.11743268,3.23333
389,0.00517312,-0.10791525,-0.59380911,2.31927888,547.4910284,-59.08250883,-2.8322803,0.12586603,3.24167
390,0.005305,-0.108009,-0.476493,2.409288,547.263102,-59.109282,-2.903124,0.148793,3.25
391,0.00567561,-0.10804598,-0.36044897,2.41106128,546.9773112,-59.09881478,-3.10452811,0.12582812,3.25833
392,0.00591632,-0.10800041,-0.21513084,2.35158607,546.9829287,-59.07444904,-3.23615944,0.12304482,3.26667
393,0.006197,-0.107822,-0.040076,2.234444,546.927822,-58.970948,-3.389042,0.13078,3.275
394,0.006402,-0.107839,0.489577,2.412315,546.932833,-58.980736,-3.501668,0.130409,3.28333
395,0.00652127,-0.10777932,0.7540849,2.38268642,546.8226543,-58.93625283,-3.56589516,0.1590556,3.29167
396,0.006732,-0.107859,1.017632,2.325217,547.109479,-59.010858,-3.683398,0.141966,3.3
397,0.006942,-0.107912,1.458237,2.325375,547.458786,-59.077569,-3.8004,0.158541,3.30833
398,0.00721831,-0.10781867,1.51535609,2.50495854,548.3178378,-59.11882765,-3.95792889,0.19335047,3.31667
399,0.007447,-0.107774,1.719238,2.770859,548.665321,-59.131813,-4.086111,0.186495,3.325
400,0.00784559,-0.10752898,1.80420584,2.94865509,549.5856112,-59.09644998,-4.31165639,0.20281778,3.33333
401,0.00819982,-0.10736878,1.74215602,3.18627788,550.5026918,-59.10680458,-4.51392884,0.1414797,3.34167
402,0.008418,-0.106936,1.621753,3.481439,551.418857,-58.96668,-4.641888,0.110818,3.35
403,0.00862131,-0.10678367,1.59102114,3.57022048,551.9347376,-58.9375132,-4.75830661,0.07052566,3.35833
404,0.00875027,-0.1066532,1.67854579,3.68922631,552.0477454,-58.8776707,-4.83065507,0.06150573,3.36667
405,0.008876,-0.106442,1.529468,3.74829,551.934999,-58.748831,-4.899182,0.047744,3.375
406,0.00901536,-0.10625364,1.46960675,3.86674434,551.4204968,-58.59052114,-4.971178,0.06673839,3.38333
407,0.00920715,-0.10600727,1.52756619,3.98476091,551.3087194,-58.44287663,-5.07619075,0.03916199,3.39167
408,0.009351,-0.105625,1.527518,4.10276,551.082064,-58.207909,-5.152913,0.047029,3.4
409,0.00943249,-0.10534709,1.46852083,4.36850457,550.684717,-58.01295037,-5.19423356,0.10369116,3.40833
410,0.00944134,-0.10500745,1.41053805,4.54491314,550.4580803,-57.80231603,-5.19693075,0.11478397,3.41667
411,0.009512,-0.104663,1.351811,4.81115,549.885025,-57.552506,-5.230566,0.137814,3.425
412,0.00953695,-0.10435681,1.23444791,5.04667929,549.085469,-57.30101023,-5.23661417,0.11045518,3.43333
413,0.00969864,-0.10402893,1.11595071,5.07549438,548.5146606,-57.06140992,-5.3196295,0.13675774,3.44167
414,0.009665,-0.103888,0.99927,5.163267,547.82739,-56.912471,-5.294784,0.113492,3.45
415,0.00969675,-0.10373957,1.02879673,5.01507949,547.4846978,-56.79599637,-5.30887483,0.11195985,3.45833
416,0.009838,-0.103531,1.088272,5.075169,547.141822,-56.646086,-5.382944,0.10852,3.46667
417,0.010118,-0.103059,1.086205,4.985084,548.006357,-56.477074,-5.544463,0.096515,3.475
418,0.01056669,-0.10276188,1.26065537,4.89603456,547.954934,-56.30903263,-5.78989433,0.08408183,3.48333
419,0.01120092,-0.10229567,1.40434653,4.80783026,547.847887,-56.0424394,-6.13663147,0.04330352,3.49167
420,0.011785,-0.101712,1.783835,4.984859,547.858893,-55.723598,-6.456273,0.070687,3.5
421,0.01223708,-0.10128433,2.34260316,5.16269249,547.3523001,-55.43816848,-6.69820675,0.0835446,3.50833
422,0.01272846,-0.10096124,2.63564917,5.07431027,546.9019256,-55.21603995,-6.96122058,0.10958851,3.51667
423,0.013284,-0.100954,3.194283,5.077166,546.851208,-55.206709,-7.264158,0.138345,3.525
424,0.01394995,-0.10089957,3.84098815,4.98952034,546.5772395,-55.14951043,-7.62486302,0.20552936,3.53333
425,0.01458136,-0.10098169,3.7515303,5.40659303,546.866949,-55.22358813,-7.97412312,0.25970296,3.54167
426,0.015493,-0.101489,3.809307,5.085885,547.214407,-55.536235,-8.477774,0.300899,3.55
427,0.01659816,-0.10222593,4.30841763,4.82496806,547.2239526,-55.94034837,-9.08296841,0.36969565,3.55833
428,0.01800372,-0.10319735,4.77889528,4.41810787,546.7737446,-56.42580417,-9.84410897,0.4253897,3.56667
429,0.019359,-0.104469,4.688695,3.686667,546.37953,-57.079766,-10.577618,0.535507,3.575
430,0.02078996,-0.10564591,5.42138648,2.36430834,546.9652895,-57.7845871,-11.37156302,0.70035736,3.58333
431,0.02202815,-0.10658435,6.45170885,1.89772874,548.1242559,-58.42124329,-12.07431169,0.81970512,3.59167
432,0.02304,-0.107366,6.360607,2.553842,549.501208,-58.997767,-12.660326,0.856996,3.6
433,0.02421912,-0.10765654,6.32505678,2.97405674,550.9373716,-59.31193542,-13.34331253,0.94877479,3.60833
434,0.02527725,-0.10814005,7.17885861,3.48231092,551.7502674,-59.66620935,-13.94665579,1.02532885,3.61667
435,0.026229,-0.108537,7.590327,4.433609,552.269427,-59.941588,-14.485267,1.06967,3.625
436,0.02719509,-0.1089002,8.61808159,4.4648566,552.5692215,-60.17500515,-15.02704746,1.05382179,3.63333
437,0.02809645,-0.10926529,9.29334947,4.64642045,552.5213188,-60.37142405,-15.52409427,1.09646283,3.64167
438,0.028702,-0.109749,10.765672,4.620498,552.30599,-60.614778,-15.852381,1.157088,3.65
439,0.02929704,-0.11024642,12.29642754,4.47535436,551.1771276,-60.76543425,-16.14800854,1.20181075,3.65833
440,0.02929022,-0.11069017,12.91745413,3.82483234,551.8679613,-61.08626845,-16.16458331,1.18537125,3.66667
441,0.029092,-0.111092,12.004207,3.559171,553.174081,-61.453087,-16.092852,1.15696,3.675
442,0.02876898,-0.11147154,12.06594915,2.96532806,553.9744075,-61.75242225,-15.93724329,1.09205685,3.68333
443,0.02811234,-0.11188473,11.68693574,2.40293491,554.7121016,-62.06376561,-15.59444161,1.09168485,3.69167
444,0.027381,-0.112068,11.219085,1.335617,554.70644,-62.164783,-15.188463,1.074373,3.7
445,0.02669505,-0.11221469,11.10571252,0.59506641,553.6720527,-62.1301026,-14.78046901,1.1182577,3.70833
446,0.02597072,-0.11211192,11.02207162,0.44269075,553.0398592,-62.00237503,-14.36287422,1.09375284,3.71667
447,0.025123,-0.11168,10.792467,0.794411,552.28854,-61.679662,-13.875391,1.061242,3.725
448,0.02428365,-0.11114648,10.35626131,0.78906435,550.5106265,-61.18720238,-13.36825711,1.05202102,3.73333
449,0.02321849,-0.11059686,9.65403576,1.02125495,548.7798271,-60.69333539,-12.74201852,0.99258715,3.74167
450,0.021988,-0.109624,8.685218,1.132845,547.796544,-60.051572,-12.044968,0.950577,3.75
451,0.02015383,-0.10813993,8.1867906,2.56957375,551.1599899,-59.60220357,-11.10808767,0.7677927,3.75833
452,0.01867951,-0.10673541,8.3387459,6.46490694,554.5848743,-59.19361046,-10.35935512,0.43779732,3.76667
453,0.017724,-0.105159,8.515413,7.137247,554.985899,-58.361989,-9.836524,0.393673,3.775
454,0.01675249,-0.10426261,8.60485654,6.98329624,554.8715686,-57.8525032,-9.29564594,0.41617963,3.78333
455,0.01571592,-0.10355446,8.72601051,6.77095246,554.9872427,-57.47132056,-8.72211474,0.50533446,3.79167
456,0.014637,-0.103057,9.054636,6.501847,553.958289,-57.089095,-8.108326,0.651067,3.8
457,0.01344407,-0.10268267,9.23819933,6.43648912,552.8716204,-56.77007681,-7.4330065,0.71711875,3.80833
458,0.01224593,-0.10234936,9.00988079,6.49174813,551.4907904,-56.4448304,-6.7533077,0.75710483,3.81667
459,0.010875,-0.102288,8.812506,6.221483,549.992814,-56.257528,-5.980981,0.776649,3.825
460,0.00944356,-0.10229033,8.55722517,6.03882885,548.6110125,-56.11764555,-5.18097678,0.79556754,3.83333
461,0.00782416,-0.10257107,8.30275431,5.67883729,547.0553933,-56.11198033,-4.28019711,0.81472273,3.84167
462,0.005936,-0.102824,7.961398,5.140701,545.668954,-56.107979,-3.239073,0.817584,3.85
463,0.00381571,-0.10351496,7.0021405,4.01104213,543.8179891,-56.29331751,-2.07487009,0.78011188,3.85833
464,0.00161751,-0.10404438,5.89438039,2.8502633,542.7092168,-56.46582947,-0.87780944,0.69973445,3.86667
465,-0.000703,-0.104638,4.817981,1.838033,542.171639,-56.732012,0.381162,0.609752,3.875
466,-0.00314568,-0.10517656,3.8029968,1.15027094,541.8635327,-56.99145613,1.70473189,0.52719573,3.88333
467,-0.00590787,-0.10573631,2.49300144,0.48938495,541.6682134,-57.27414704,3.19990917,0.46337098,3.89167
468,-0.008961,-0.106389,1.245405,-0.230284,542.100506,-57.673636,4.85753,0.397152,3.9
469,-0.01239561,-0.10708726,-0.26351911,-0.50746919,542.5809432,-58.10353006,6.7256795,0.21915113,3.90833
470,-0.01594159,-0.10789584,-1.71408355,-0.87336917,542.777104,-58.56320659,8.65266552,0.08673005,3.91667
471,-0.02017,-0.108721,-3.276935,-1.686461,543.884962,-59.131523,10.970327,-0.056,3.925
472,-0.02469639,-0.10961773,-5.01520755,-2.53031757,545.7943163,-59.82888571,13.47916794,-0.19095349,3.93333
473,-0.02953533,-0.11074779,-7.28371518,-3.28434478,547.3454438,-60.61739224,16.16608336,-0.36984319,3.94167
474,-0.033853,-0.111826,-9.553532,-4.12786,548.391389,-61.324457,18.564446,-0.540376,3.95
475,-0.03921517,-0.11327495,-12.66979735,-4.85438526,549.1906549,-62.2093394,21.53652269,-0.81766036,3.95833
476,-0.04384936,-0.11466085,-15.58850186,-5.37216079,549.4204427,-62.99701501,24.09181769,-1.10145972,3.96667
477,-0.048379,-0.116093,-18.209881,-5.504394,549.766478,-63.824001,26.597163,-1.397288,3.975
478,-0.05263984,-0.11775694,-20.53674844,-5.42711911,550.2275026,-64.79333531,28.96378956,-1.673693,3.98333
479,-0.05681277,-0.11968505,-22.6326931,-5.7928554,549.9475078,-65.82039864,31.24404267,-1.91297652,3.99167
480,-0.060707,-0.121503,-23.521268,-6.955918,549.970785,-66.82336,33.386934,-2.015812,4
481,-0.06406537,-0.12337142,-24.41287414,-7.31874284,550.1707356,-67.87540605,35.2466609,-2.06779784,4.00833
482,-0.06684617,-0.12491212,-25.15975341,-7.11699679,550.5407457,-68.76921389,36.80168498,-2.09049419,4.01667
483,-0.069285,-0.126167,-25.584051,-6.975126,550.91885,-69.507571,38.170576,-2.085737,4.025
484,-0.07119078,-0.1272615,-25.74585925,-6.59516629,551.8156892,-70.2249047,39.28424705,-2.05992476,4.03333
485,-0.07270572,-0.1283124,-25.85278612,-6.00522321,552.2032777,-70.85452884,40.14825514,-2.03587098,4.04167
486,-0.073661,-0.128958,-25.551472,-6.097066,554.830136,-71.549988,40.869537,-1.988039,4.05
487,-0.07447391,-0.12958854,-25.60443348,-6.36545134,557.5108428,-72.24697397,41.52017559,-1.95160705,4.05833
488,-0.07498868,-0.1299727,-25.4828824,-7.04861218,559.3973453,-72.70634407,41.94846603,-2.014755,4.06667
489,-0.075213,-0.129922,-25.806097,-7.700495,559.451595,-72.685257,42.077887,-2.05785,4.075
490,-0.07552485,-0.13002651,-26.68934159,-7.75887552,556.8696468,-72.40773019,42.05761226,-2.11591209,4.08333
491,-0.07558546,-0.12998854,-27.10325864,-7.96504441,553.0872985,-71.89502227,41.80524706,-2.15136193,4.09167
492,-0.07564,-0.129965,-27.399402,-7.785198,549.137705,-71.368758,41.536777,-2.164091,4.1
493,-0.0757799,-0.13005283,-27.57719899,-8.19723445,544.8483181,-70.85910497,41.28840277,-2.11562394,4.10833
494,-0.07584546,-0.13001045,-27.34173745,-8.01666362,541.0707679,-70.3447839,41.03764624,-2.02095637,4.11667
495,-0.075615,-0.130173,-26.873202,-8.21988,538.334224,-70.076326,40.706222,-1.858168,4.125
496,-0.07491594,-0.13033624,-26.58196042,-7.3282031,536.9090732,-69.97879352,40.22287955,-1.66518929,4.13333
497,-0.07362876,-0.13041764,-26.26391999,-5.33803427,537.147063,-70.05333401,39.549714,-1.3576416,4.14167
498,-0.071141,-0.130369,-25.742595,-0.828597,540.760152,-70.498334,38.470249,-0.923079,4.15
499,-0.0670288,-0.12945379,-25.29660777,-0.93644292,549.5946224,-71.14692827,36.83849836,-0.82987574,4.15833
500,-0.06231488,-0.1286414,-25.6896902,-7.00119658,559.8718585,-72.0224286,34.88808111,-1.47907605,4.16667
501,-0.057647,-0.127966,-25.319333,-14.211984,568.144249,-72.703324,32.7518,-2.162365,4.175
502,-0.05231899,-0.1274515,-23.27271576,-18.87389003,577.116223,-73.55441135,30.19386735,-2.55152709,4.18333
503,-0.04691363,-0.12672115,-20.36491951,-20.22030897,584.901896,-74.1193347,27.43986958,-2.50596856,4.19167
504,-0.042301,-0.126185,-17.832963,-17.895668,585.807623,-73.920364,24.780196,-2.131051,4.2
505,-0.03888638,-0.12558265,-15.84954729,-15.27624417,579.1477055,-72.7308569,22.52103679,-1.85963253,4.20833
506,-0.03609914,-0.12490764,-13.47503572,-13.28075176,569.1058426,-71.08581959,20.54413023,-1.60944397,4.21667
507,-0.033371,-0.124549,-10.276483,-11.551572,558.793929,-69.59732,18.647607,-1.201888,4.225
508,-0.03056353,-0.12458485,-7.31420807,-10.70929566,550.1962612,-68.54599355,16.81611341,-0.82068954,4.23333
509,-0.02773589,-0.12477243,-4.64474868,-10.69690832,544.1088673,-67.88989416,15.09130113,-0.53396057,4.24167
510,-0.024764,-0.125087,-2.629103,-10.890562,539.849348,-67.528244,13.368583,-0.364862,4.25
511,-0.02186673,-0.12509433,-0.87943066,-10.52547391,537.6456638,-67.25626533,11.75675627,-0.30091505,4.25833
512,-0.01929895,-0.12538263,0.46321164,-9.47950425,536.5752171,-67.27725822,10.35529683,-0.27434895,4.26667
513,-0.017162,-0.125463,1.217009,-8.642641,536.300945,-67.286161,9.203851,-0.284689,4.275
514,-0.0153171,-0.125918,1.47142492,-7.86684022,536.1344465,-67.50909875,8.21216058,-0.30170432,4.28333
515,-0.0135604,-0.12628651,1.96248673,-7.35569609,537.8069844,-67.91772706,7.29292819,-0.2484428,4.29167
516,-0.011837,-0.127196,2.247304,-7.73101,538.899922,-68.54569,6.379099,-0.178068,4.3
517,-0.01026523,-0.12822918,2.44397455,-8.75818908,540.9107777,-69.36052977,5.55256861,-0.12858795,4.30833
518,-0.00873452,-0.12938745,2.69964976,-10.28883106,543.0389477,-70.26238852,4.74329178,-0.05865345,4.31667
519,-0.007302,-0.130561,2.748406,-11.611607,545.962437,-71.281381,3.986509,-0.033633,4.325
520,-0.00589177,-0.13150715,2.82724374,-12.22608748,548.5408161,-72.13693096,3.23160284,-0.0640998,4.33333
521,-0.00455991,-0.13220879,3.17155763,-12.30695796,551.0637408,-72.855533,2.51273816,-0.08763537,4.34167
522,-0.003529,-0.1328,3.429101,-12.213523,552.841298,-73.417402,1.950873,-0.118015,4.35
523,-0.00254034,-0.13329061,3.89390176,-11.76571677,553.7619291,-73.81121756,1.40666484,-0.1430585,4.35833
524,-0.00175291,-0.13353606,4.41979016,-11.40652654,554.6848606,-74.07046587,0.97215572,-0.0866939,4.36667
525,-0.001194,-0.133796,4.827601,-11.225728,554.746426,-74.222682,0.662399,-0.019089,4.375
526,-0.00084262,-0.13406561,5.06036547,-11.30978246,554.3455672,-74.31874678,0.46701417,0.10733703,4.38333
527,-0.00049353,-0.13414033,5.17682644,-10.95303954,554.0076295,-74.31460015,0.27339458,0.19772336,4.39167
528,-0.000174,-0.134298,4.99868,-11.038235,552.516894,-74.201923,0.096012,0.266516,4.4
529,0.00015464,-0.13418209,4.6130959,-11.36426457,550.5166702,-73.86941747,-0.08513886,0.25149076,4.40833
530,0.000837,-0.13377724,3.72252581,-11.98417953,549.0809355,-73.45455661,-0.45939772,0.12511658,4.41667
531,0.001479,-0.132598,2.949395,-12.457905,548.911961,-72.784868,-0.811974,0.075138,4.425
532,0.00197631,-0.13092665,3.00293494,-12.07539655,549.3787171,-71.92821125,-1.08556963,0.11712033,4.43333
533,0.00205019,-0.12854155,3.20642803,-10.33436441,550.2522822,-70.73044806,-1.12820337,0.24818314,4.44167
534,0.001536,-0.125807,3.560554,-8.301027,552.206858,-69.471591,-0.848142,0.368048,4.45
535,0.00096222,-0.12186842,3.20284773,-6.89536401,555.5954892,-67.70964101,-0.53476649,0.35392344,4.45833
536,0.00013206,-0.11629773,3.20028321,-4.45722022,557.2215288,-64.8035186,-0.07347577,0.4351074,4.46667
537,-0.000528,-0.11128,2.401823,-2.403032,557.746829,-62.065909,0.294697,0.354188,4.475
538,-0.00089797,-0.10579603,1.45312311,-0.97045331,557.8201545,-59.01515395,0.50102427,0.33569297,4.48333
539,-0.00085486,-0.10005999,0.7960848,0.70136682,556.9832174,-55.73192203,0.47606628,0.35496088,4.49167
540,-0.001121,-0.094031,0.699922,1.898342,556.096361,-52.290535,0.62359,0.545152,4.5
541,-0.0014125,-0.08776115,0.39700949,3.18266514,555.0349431,-48.71060875,0.78395688,0.62660248,4.50833
542,-0.00155972,-0.08158601,0.15270356,5.35671193,553.225287,-45.13560625,0.8630022,0.63844561,4.51667
543,-0.002123,-0.075461,0.233194,6.992983,552.222257,-41.671207,1.172137,0.632978,4.525
544,-0.00302983,-0.06944706,0.43296779,8.54145016,551.6712379,-38.31196024,1.67158613,0.58403562,4.53333
545,-0.00389317,-0.06388593,0.98795754,10.00267117,550.0898288,-35.14296676,2.14148054,0.46505405,4.54167
546,-0.004633,-0.058989,1.454309,10.755313,547.650501,-32.305496,2.537227,0.420475,4.55
547,-0.00524936,-0.05460091,1.74381111,11.21472215,545.4377571,-29.78160612,2.86316913,0.42529048,4.55833
548,-0.00555884,-0.05081198,2.2111431,11.35256842,543.6235402,-27.62280375,3.0217486,0.40002382,4.56667
549,-0.005579,-0.047751,2.588579,11.167687,541.69454,-25.866687,3.022182,0.395187,4.575
550,-0.00552527,-0.04485445,2.81854986,11.24775872,540.2237671,-24.23136355,2.9849454,0.32615821,4.58333
551,-0.00566676,-0.04260336,2.99230023,11.59663032,538.8570435,-22.95695112,3.05356679,0.27688642,4.59167
552,-0.005697,-0.040748,3.021245,12.567704,537.433036,-21.899203,3.062019,0.239975,4.6
553,-0.00604654,-0.03914893,2.72719029,13.50757717,535.6595545,-20.97035854,3.238928,0.13614373,4.60833
554,-0.00655626,-0.03789928,1.90471003,14.21485165,533.6454906,-20.22459058,3.4985535,0.01460667,4.61667
555,-0.007114,-0.037327,0.730657,14.685814,531.22583,-19.828839,3.779146,-0.114788,4.625
556,-0.00742121,-0.03675286,-0.18056713,15.18634829,529.0989138,-19.44594488,3.92643438,-0.23964402,4.63333
557,-0.00714032,-0.03667069,-0.79977776,15.54354619,527.4323395,-19.34140914,3.76611513,-0.24617244,4.64167
558,-0.006558,-0.03668,-0.769882,15.666017,526.574156,-19.314902,3.453385,-0.179439,4.65
559,-0.00587879,-0.0370855,-0.71078775,15.93628882,525.3180614,-19.48175288,3.08811617,-0.10501846,4.65833
560,-0.00516181,-0.03752286,-0.85900794,16.35703397,524.1138426,-19.66626003,2.70561413,0.00304098,4.66667
561,-0.004631,-0.038063,-1.123686,17.720563,523.825922,-19.93822,2.425749,0.101286,4.675
562,-0.00459433,-0.03852156,-1.56128616,20.32484357,524.1563045,-20.19117635,2.40806657,0.08278606,4.68333
563,-0.00464349,-0.03868866,-1.9972969,23.93796093,523.1667748,-20.24056841,2.42921431,0.00604042,4.69167
564,-0.004818,-0.038981,-2.431802,27.042931,521.034099,-20.310302,2.510525,-0.082438,4.7
565,-0.00496581,-0.03971133,-2.7495235,29.52845557,518.2740002,-20.5812049,2.57362039,-0.1635591,4.70833
566,-0.00529068,-0.04089924,-2.94648646,31.33942764,513.8995249,-21.01812159,2.71889358,-0.26974722,4.71667
567,-0.005323,-0.042578,-3.114965,32.468832,509.30472,-21.68516,2.711006,-0.340496,4.725
568,-0.00541898,-0.04495441,-2.9296813,32.06347513,501.5069275,-22.54483446,2.71755773,-0.40004333,4.73333
569,-0.00515323,-0.04852021,-2.65438658,30.09580605,490.3751278,-23.79298094,2.52706614,-0.39940934,4.74167
570,-0.004698,-0.053422,-2.910652,26.920155,478.677564,-25.571987,2.248609,-0.460441,4.75
571,-0.00412453,-0.05902692,-3.05265831,22.76896197,469.7863428,-27.72993678,1.93750787,-0.5245834,4.75833
572,-0.00287496,-0.06551767,-3.28875734,18.52772514,462.8300902,-30.32354404,1.3307515,-0.59421305,4.76667
573,-0.000717,-0.072461,-3.349537,14.029159,454.228559,-32.913949,0.325779,-0.619522,4.775
574,0.00196488,-0.07939615,-3.38197756,9.47137111,443.171297,-35.18559852,-0.87073187,-0.66711048,4.78333
575,0.00458492,-0.08688493,-3.37946805,7.39337117,430.4861061,-37.402362,-1.97352903,-0.85646585,4.79167
576,0.006879,-0.0949,-2.457947,6.116603,417.074849,-39.580424,-2.868961,-1.000629,4.8
577,0.00858502,-0.10283634,-1.50574796,2.68033963,402.0077704,-41.34059447,-3.45113516,-1.05978144,4.80833
578,0.00991226,-0.11061859,-0.40198867,-2.27400754,384.875303,-42.57388864,-3.81482587,-0.91891328,4.81667
579,0.011013,-0.117282,1.025891,-7.225393,364.849223,-42.790375,-4.018111,-0.668159,4.825
580,0.01214025,-0.1231013,2.83680866,-11.35026733,342.4312972,-42.15334631,-4.15712007,-0.2138563,4.83333
581,0.01411581,-0.12841369,5.26640733,-14.53228633,320.1664777,-41.11345889,-4.5191275,0.32240853,4.84167
582,0.016462,-0.133371,7.334657,-18.451783,297.583459,-39.688863,-4.898961,0.763372,4.85
583,0.0188747,-0.1384431,9.83887146,-24.91784309,278.6743001,-38.5802259,-5.25969316,1.16578287,4.85833
584,0.02075536,-0.14270957,12.63857605,-29.14204139,268.7362245,-38.35121014,-5.57776179,1.59617323,4.86667
585,0.022388,-0.145615,14.129825,-34.665552,267.102299,-38.894104,-5.979956,1.733395,4.875
586,0.0247463,-0.14779403,14.72450902,-38.64797529,279.4715985,-41.30417263,-6.9160331,1.66073657,4.88333
587,0.02667397,-0.14947144,13.87101905,-40.89017073,297.7373374,-44.50318515,-7.94180653,1.30229795,4.89167
588,0.026894,-0.151002,12.739465,-42.187859,309.162369,-46.684029,-8.314646,0.895255,4.9
589,0.02417024,-0.15196301,12.11536214,-47.75310149,320.8841008,-48.76245385,-7.75572453,0.45284898,4.90833
590,0.02101456,-0.15303486,13.02162953,-56.13850309,335.3945592,-51.32727063,-7.04803187,0.23734178,4.91667
591,0.020288,-0.153655,14.376532,-67.578148,358.656683,-55.109388,-7.276351,0.215761,4.925
592,0.02129195,-0.15379222,14.19788914,-76.70928156,375.3872056,-57.73155888,-7.99282952,0.22749172,4.93333
593,0.02179414,-0.15384155,14.32490323,-82.74314426,387.2665534,-59.57769263,-8.44019525,0.50066875,4.94167
594,0.021343,-0.153398,14.755432,-87.353892,397.357956,-60.954082,-8.4808,0.876636,4.95
595,0.02017719,-0.15274673,15.91683064,-96.34560534,412.7829973,-63.05114068,-8.3287836,1.01408788,4.95833
596,0.01859535,-0.15147821,17.67696039,-104.8761515,425.4212294,-64.44210355,-7.91078371,1.16520336,4.96667
597,0.016338,-0.148843,22.588386,-112.931703,445.92561,-66.37301,-7.285545,1.539355,4.975
598,0.01556265,-0.14486169,26.05464636,-117.3808168,463.3838556,-67.12611894,-7.21149585,1.72060032,4.98333
599,0.01396809,-0.13970272,29.54322683,-117.5749345,473.4172713,-66.13742092,-6.61273308,2.34735519,4.99167
600,0.010505,-0.134729,30.819645,-122.127552,491.601776,-66.232969,-5.164195,2.480011,5
601,0.00804497,-0.12933596,32.01782391,-129.784833,526.8370914,-68.13853703,-4.23817033,2.08422342,5.00833
602,0.00668634,-0.12258784,33.21428897,-133.5157007,560.348328,-68.69130199,-3.74635105,1.89378195,5.01667
603,0.006042,-0.114531,30.066802,-131.975431,605.751377,-69.377376,-3.659765,1.756783,5.025
604,0.00667608,-0.10408533,24.06953025,-127.8401001,656.1834368,-68.29738299,-4.38095554,1.6176931,5.03333
605,0.00731983,-0.0914466,18.75613174,-114.14836,689.422213,-63.04412104,-5.04625417,0.96583066,5.04167
606,0.00572,-0.079645,19.527204,-101.849044,730.012038,-58.142158,-4.175532,0.98684,5.05
607,0.00246471,-0.06918305,23.6706541,-86.12384174,779.106392,-53.89934646,-1.91968939,3.10668264,5.05833
608,-0.00080423,-0.06059086,20.67954397,-91.98947082,828.2578136,-50.18381298,0.66682126,2.55504297,5.06667
609,-0.003357,-0.054078,18.52356,-104.444069,885.324525,-47.876541,2.972261,1.84208,5.075
610,-0.00569761,-0.04810189,13.75480777,-108.674456,942.4106376,-45.33097296,5.37029157,1.58095993,5.08333
611,-0.00844913,-0.04260676,6.44929859,-111.9091568,991.5608116,-42.24646584,8.37829102,1.10769603,5.09167
612,-0.011674,-0.037442,3.084105,-112.713386,1034.098072,-38.719094,12.071782,1.450379,5.1
613,-0.01518012,-0.03248683,0.21813105,-114.1427614,1076.412772,-34.96869758,16.34095982,1.98581946,5.10833
614,-0.01816597,-0.02688224,-1.37801366,-107.2188234,1116.206137,-30.00570368,20.27710182,2.86739922,5.11667
615,-0.020915,-0.020425,-4.88991,-92.235018,1154.895672,-23.588206,24.155054,3.518039,5.125
616,-0.02302149,-0.01235096,-12.7325006,-65.28473161,1187.000467,-14.65970285,27.32644887,3.13020883,5.13333
617,-0.02448485,-0.0085858,-13.86350956,-66.38194782,1254.418497,-10.76944651,30.71424879,5.70078374,5.14167
618,-0.024485,-0.004195,-16.740666,-56.059262,1325.205188,-5.55863,32.447406,6.077312,5.15
619,-0.02269963,-4.41E-05,-18.0926214,-40.98721637,1387.022251,-0.06003512,31.48423928,5.36921368,5.15833
620,-0.02011627,0.00292467,-11.73171466,-40.79080912,1448.046315,4.23555279,29.12871171,4.77908491,5.16667
621,-0.017021,0.004977,-7.385444,-34.221913,1504.724762,7.488342,25.611418,3.811043,5.175
622,-0.0137142,0.00645352,2.85480552,-41.57758215,1548.026882,9.98999069,21.22985699,2.91722222,5.18333
623,-0.0106458,0.00755426,12.0111667,-47.25028401,1574.780116,11.89653908,16.76436249,1.82197715,5.19167
624,-0.008047,0.008552,23.250159,-53.098137,1583.580706,13.542971,12.743372,0.757321,5.2
625,-0.0060576,0.00935244,29.59387812,-54.96087644,1577.606037,14.75374351,9.55636309,0.1310719,5.20833
626,-0.0048144,0.01009359,35.28973638,-56.57702268,1559.384359,15.74019967,7.50744655,-0.17611834,5.21667
627,-0.003737,0.010773,39.074934,-55.980597,1529.307279,16.475863,5.71569,0.132491,5.225
628,-0.00365942,0.01122396,38.62769899,-54.8411941,1506.218552,16.90524093,5.51137989,0.16019154,5.23333
629,-0.00385897,0.01151743,40.03930405,-59.9141615,1480.381425,17.05024908,5.71267268,0.77347366,5.24167
630,-0.003795,0.011717,39.153972,-61.154806,1451.625335,17.009135,5.508244,1.244191,5.25
631,-0.00361508,0.01187739,40.50972319,-66.15024898,1419.00153,16.8538589,5.12956495,1.74829237,5.25833
632,-0.00336753,0.01186384,39.56401131,-72.75111829,1383.964609,16.41873684,4.66016903,1.92865229,5.26667
633,-0.003118,0.011762,40.215025,-82.27346,1345.26423,15.822372,4.194305,2.031357,5.275
634,-0.00302,0.01162298,38.45277675,-96.28556957,1297.55593,15.08112183,3.91905398,1.80147227,5.28333
635,-0.00326217,0.01159416,37.26354999,-113.7064893,1233.679427,14.30329582,4.02438706,1.81297311,5.29167
636,-0.003804,0.011982,35.156333,-130.495251,1142.771732,13.693095,4.347059,2.130072,5.3
637,-0.00518707,0.01293297,32.04492109,-142.0250591,1008.077963,13.03606048,5.2274252,2.20554869,5.30833
638,-0.00846033,0.01532136,24.85162336,-137.5722053,814.4384776,12.4756837,6.88692613,1.23773534,5.31667
639,-0.012097,0.019326,16.517101,-102.080058,576.245484,11.136626,6.970752,-0.995356,5.325
640,-0.03254692,0.0249393,6.03086452,-92.42052761,284.9681458,7.10296226,9.24381624,-0.35060992,5.33333
641,-0.07536144,0.03615372,4.6068421,-38.41785746,74.7795142,2.67847438,5.56926773,1.39342902,5.34167
642,0,0,1.40758,-2.874711,-1.001698,0.216799,0.504977,0.013982,5.35
643,0,0,-1.00621734,-0.0427909,-2.74753093,0.1972262,0.28529843,0.05874375,5.35833
644,0,0,0.88533982,-0.66499798,-2.72961789,0.17753245,0.29822523,0.11208423,5.36667
645,0,0,-1.419221,-0.381497,-2.580352,0.138041,0.257879,0.092685,5.375
646,0,0,0.73338939,0.24562323,-2.56301374,0.19157715,0.26846415,-0.07163497,5.38333
647,0,0,-0.77541979,-0.52450346,-2.63253129,0.17727112,0.23414936,-0.09894843,5.39167
648,0,0,0.970062,0.589965,-2.561718,0.217888,0.28021,-0.051452,5.4
649,0,0,-0.56328101,-0.86242009,-2.34123383,0.18004762,0.23660235,0.09165123,5.40833
650,0,0,0.50264737,0.23536724,-2.33487529,0.16956899,0.27350684,0.10286546,5.41667
651,0,0,-0.801192,-1.003404,-2.231641,0.16633,0.240781,0.030733,5.425
652,0,0,0.34758733,0.29809665,-2.22385976,0.16793289,0.25039874,-0.06894194,5.43333
653,0,0,-0.48025546,-0.65043714,-2.17194814,0.13832036,0.24865374,-0.0908388,5.44167
654,0,0,0.262042,0.503697,-2.05264,0.190943,0.223921,0.018012,5.45
655,0,0,-0.26731921,-0.50147412,-2.34165962,0.16282596,0.25136537,0.08793571,5.45833
656,0,0,0.17662391,0.12052927,-2.05173292,0.18741355,0.23469909,0.0590524,5.46667
657,0,0,-0.269995,-0.649994,-2.055823,0.181462,0.24327,-0.026922,5.475
658,0,0,0.05241564,-0.00059199,-2.28427608,0.1499438,0.24382315,-0.06855957,5.48333
659,0,0,-0.24379908,-0.32739109,-1.93961152,0.18825743,0.24482594,-0.05336025,5.49167
660,0,0,0.083507,-0.028809,-1.881344,0.183725,0.237953,0.018342,5.5
661,0,0,-0.09159743,-0.17513456,-2.05304298,0.15793489,0.20648999,0.08346546,5.50833
662,0,0,0.02672125,-0.11685466,-1.8237211,0.17710551,0.24272168,0.04547694,5.51667
663,0,0,-0.005188,-0.20691,-1.882737,0.192753,0.23334,-0.055955,5.525
664,0,0,-0.03624225,-0.23769738,-1.59463806,0.20531064,0.22417403,-0.05439048,5.53333
665,0,0,-0.09537149,-0.17821705,-1.76702368,0.1696522,0.24437859,-0.04363403,5.54167
666,0,0,-0.094154,-0.294977,-1.708234,0.229494,0.206196,0.064079,5.55
667,0,0,-0.00402657,-0.11746398,-1.59390328,0.17730502,0.24141386,0.0585243,5.55833
668,0,0,0.0259429,-0.11825607,-1.59322353,0.17742648,0.24264385,0.02625834,5.56667
669,0,0,-0.005765,-0.208728,-1.707706,0.225908,0.209865,-0.079866,5.575
670,0,0,-0.00598223,-0.20727036,-1.71009261,0.1816695,0.24111955,-0.04462219,5.58333
671,0,0,-0.0655014,-0.11808645,-1.70972456,0.22143072,0.20758634,-0.01098524,5.59167
672,0,0,-0.093944,-0.205271,-1.366477,0.159715,0.206685,0.07602,5.6
673,0,0,0.02478908,-0.11696096,-1.7096939,0.19919369,0.2122202,0.04143419,5.60833
674,0,0,-0.06358595,-0.08817585,-1.71021709,0.21988991,0.2078735,0.01309121,5.61667
675,0,0,-0.005423,-0.119118,-1.70921,0.221609,0.210197,-0.067961,5.625
676,0,0,-0.035217,-0.14776945,-1.70928448,0.17875085,0.2397941,-0.0085587,5.63333
677,0,0,0.02389349,-0.20710971,-1.59303684,0.20338207,0.22721186,0.01020454,5.64167
678,0,0,-0.005719,-0.294452,-2.052767,0.22909,0.210432,0.04718,5.65
679,0,0,-0.03313779,0.03212694,-1.82288385,0.17074633,0.22495151,0.02292954,5.65833
680,-0.01217667,0.04468992,-3.2273297,8.01468561,1.66619599,-0.0377829,0.33978807,-0.02203984,5.66667
681,-0.109094,-0.080408,0.780386,-5.800982,3.290466,-0.264581,0.35897,-0.022641,5.675
682,0,0,-0.92750819,0.86875049,-3.14769483,-0.05475827,0.19089505,0.04409946,5.68333
683,0,0,2.94250451,0.4963205,-0.75599774,0.03009329,0.27646935,0.2059139,5.69167
684,0,0,-7.090181,-2.33297,0.995126,0.147592,0.100787,0.194513,5.7
685,0,0,3.85791725,2.16056908,-1.92398468,0.27763129,0.22740111,0.04164087,5.70833
686,0,0,-4.51800454,-5.00962564,-1.03765605,0.13554065,0.12747785,-0.13715448,5.71667
687,0,0,8.674885,5.648481,1.078473,0.060115,0.357352,-0.269148,5.725
688,0,0,-8.405113,-1.256578,-1.620174,0.001483,0.201654,0.080232,5.73333
689,0,0,4.57615429,2.97014377,-1.4614916,0.21741788,0.26613635,0.15531593,5.74167
690,0,0,-7.526438,-1.881837,-0.224281,0.225466,0.104625,0.227358,5.75
691,0,0,4.28911956,-0.02410697,-1.62462038,0.21595227,0.23970827,0.00544563,5.75833
692,0,0,-4.37583655,-0.9898254,-1.928618,0.17539213,0.14787023,-0.11691481,5.76667
693,0,0,6.28084,-0.116864,-1.673891,0.205966,0.281994,-0.146678,5.775
694,0,0,-3.28100654,0.7674605,-1.5273567,0.12308646,0.16490759,0.0280783,5.78333
695,0,0,3.66810544,-2.26181075,-2.66526378,0.10487059,0.19345328,0.14678455,5.79167
696,0,0,-4.950658,2.382419,-1.259344,0.08308,0.141089,0.097461,5.8
697,0,0,2.53389325,-1.81318973,-1.52370414,0.19642348,0.23168431,-0.0657821,5.80833
698,0,0,-2.63705344,1.45360464,-0.83214728,0.15488434,0.19620426,-0.15000409,5.81667
699,0,0,3.180464,-2.331824,-1.691796,0.186859,0.177854,-0.025998,5.825
700,0,0,-1.76657341,1.20268703,-1.39838416,0.22969073,0.17626035,0.08373851,5.83333
701,0,0,1.60048931,-1.41105397,-1.30900042,0.17994404,0.23447014,0.12064214,5.84167
702,0,0,-2.209982,1.489851,-1.232375,0.118664,0.178245,7.30E-05,5.85
703,0,0,1.02804342,-1.14968909,-1.08530109,0.21352648,0.23810466,-0.06651655,5.85833
704,0,0,-1.03978452,0.90018925,-1.16267362,0.17672322,0.17981759,-0.06898587,5.86667
705,0,0,1.412088,-1.62055,-1.190734,0.190411,0.20955,0.06482,5.875
706,0,0,-0.67689155,0.74823049,-1.38468246,0.18189569,0.1965408,0.09147792,5.88333
707,0,0,0.71057111,-0.97388698,-1.310957,0.20510078,0.17622354,0.06032059,5.89167
708,0,0,-1.063061,0.951498,-1.387084,0.174126,0.208185,-0.08806,5.9
709,0,0,0.52445821,-0.73457142,-1.31226838,0.21700122,0.19810689,-0.0863145,5.90833
710,0,0,-0.59810069,0.36439571,-1.09404131,0.18973334,0.17642449,-0.03085464,5.91667
711,0,0,0.792067,-0.467542,-1.366602,0.169771,0.20385,0.102441,5.925
712,0,0,-0.38466569,0.0924698,-1.49155094,0.1901267,0.17853015,0.07067811,5.93333
713,0,0,0.32417913,-0.26602859,-0.73780876,0.17307247,0.18881182,0.00629908,5.94167
714,0,0,-0.534813,0.06177,-1.377397,0.21489,0.185959,-0.111459,5.95
715,0,0,0.25907132,-0.14266214,-1.19761116,0.18925968,0.1858366,-0.01333645,5.95833
716,0,0,-0.27359965,0.00592852,-1.20134084,0.18346481,0.17573402,0.01206218,5.96667
717,0,0,0.260137,-0.202292,-1.024263,0.158591,0.178509,0.123894,5.975
718,0,0,-0.20974484,-0.14599565,-1.37013793,0.20153204,0.17046697,0.01141739,5.98333
719,0,0,0.43678684,-0.26355968,-1.07764626,0.17230232,0.19380793,0.03140027,5.99167
720,0,0,-0.269962,-0.205876,-1.544546,0.193883,0.221022,-0.106383,6
721,0,0,0.16995678,-0.08683062,-1.19417303,0.18670086,0.19637103,0.01009715,6.00833
722,0,0,-0.12578864,-0.17462383,-1.14004097,0.18070242,0.17473899,0.03255474,6.01667
723,0,0,0.082822,-0.115896,-1.365483,0.220626,0.169334,0.087885,6.025
724,0,0,-0.06337762,-0.14801265,-1.25226653,0.20103709,0.22339555,-0.01806033,6.03333
725,0,0,-0.00411513,-0.05861598,-1.30936688,0.18598573,0.15704587,-0.04416006,6.04167
726,0,0,-0.094217,-0.02892,-1.025065,0.152309,0.160575,-0.072907,6.05
727,0,0,-0.0082948,-0.11783717,-1.36404596,0.15553152,0.16444265,0.03160918,6.05833
728,0,0,-0.00707692,-0.05746474,-0.90668266,0.17473358,0.18046938,0.06647491,6.06667
729,0,0,-0.005404,-0.027343,-1.538987,0.183868,0.188109,0.05902,6.075
730,0,0,-0.0049581,-0.08862144,-1.30795973,0.14332504,0.18767815,-0.02623802,6.08333
731,0,0,-0.09316662,-1.99E-05,-1.13922248,0.17272217,0.19118637,-0.04653737,6.09167
732,0,0,-0.082569,0.061083,0.287419,-0.057984,-0.044355,-0.029419,6.1
733,0,0,-0.023835,0.23995387,0.4590629,-0.03398151,-0.06396168,0.03652711,6.10833
734,0,0,0.00614252,0.12332359,0.22798077,-0.02829912,-0.04694832,0.03552133,6.11667
735,0,0,-0.080973,0.15176,0.1124,0.036013,-0.020697,0.006522,6.125
736,0,0,0.03736993,0.15134194,0.16917618,-0.01869381,-0.05363727,-0.06281738,6.13333
737,0,0,-0.02191834,0.12291802,0.28189147,0.00480471,-0.04077094,-0.06193375,6.14167
738,0,0,0.095321,0.151619,0.458159,0.035743,-0.058223,0.006517,6.15
739,0,0,0.0374965,0.1547111,0.45309528,-0.03000892,-0.06024684,0.04660222,6.15833
740,0,0,-0.13910505,0.12607172,0.44982017,0.03740463,-0.02244418,0.04771612,6.16667
741,0,0,0.009279,0.33201,0.278521,-0.005223,-0.0385,-0.02012,6.175
742,0,0,-0.0490072,0.09573101,0.16192514,-0.01578593,-0.05689699,-0.04271945,6.18333
743,0,0,0.01082769,0.24412888,0.27643443,-0.04489804,-0.03833069,-0.03895936,6.19167
744,0,0,-0.079571,0.066248,0.278573,0.007433,-0.042914,0.008805,6.2
745,0,0,-0.02113107,0.30341014,0.1642745,0.0178301,-0.0552937,0.03916874,6.20833
746,0,0,0.03730886,0.54057228,0.049976,0.0282272,-0.0676734,0.06953248,6.21666
